<?xml version="1.0" encoding="UTF-8" ?>
<module>
    <name>configurator</name>
    <displayName><![CDATA[Configurator of product]]></displayName>
    <version><![CDATA[4.9.2]]></version>
    <description><![CDATA[Create a configurator for a product (product customizable at will and price calculated according to specific parameters)]]></description>
    <author><![CDATA[DMConcept]]></author>
    <tab><![CDATA[front_office_features]]></tab>
	<confirmUninstall><![CDATA[Are you sure you want to uninstall this module ?]]></confirmUninstall>
    <is_configurable>1</is_configurable>
    <need_instance>1</need_instance>
	<limited_countries></limited_countries>
</module>