<?xml version="1.0" encoding="UTF-8" ?>
<module>
    <name>configurator</name>
    <displayName><![CDATA[Configurateur de produit]]></displayName>
    <version><![CDATA[4.31.0]]></version>
    <description><![CDATA[Permet de cr&eacute;er un configurateur pour un produit (product customizable at will and price calculated according to specific parameters)]]></description>
    <author><![CDATA[DMConcept]]></author>
    <tab><![CDATA[front_office_features]]></tab>
	<confirmUninstall><![CDATA[Êtes vous sûr de vouloir désinstaller ce module ?]]></confirmUninstall>
    <is_configurable>1</is_configurable>
    <need_instance>1</need_instance>
	<limited_countries></limited_countries>
</module>